{
  "diag.penetration_clamps": 0,
  "diag.signal.h1": 1.1833153,
  "diag.signal.h2": 2.4999619,
  "diag.signal.h3": 2.0833015,
  "diag.signal.h4": 1.8333054,
  "diag.signal.h5": 1.7499733,
  "grid.delay_index": 2.4822757,
  "grid.stops_per_trip": 1.6442953,
  "perf.tick300_ms": 0.30588034,
  "perf.validate500_ms": 130.5782,
  "signal.sat_headway_s": 2.0355697,
  "signal.startup_lost_s": 1.1833153,
  "yield4.completed": 21,
  "yield4.minor_delay_mean_s": 33.26753,
  "yield4.minor_delay_p95_s": 57.714645
}