{
  "diag.penetration_clamps": 0,
  "diag.signal.h1": 1.1999817,
  "diag.signal.h2": 3.3832817,
  "diag.signal.h3": 3.349949,
  "diag.signal.h4": 3.4166145,
  "diag.signal.h5": 21.849941,
  "grid.delay_index": 2.6665306,
  "grid.stops_per_trip": 1.6397516,
  "perf.tick300_ms": 0.28329867,
  "perf.validate500_ms": 60.9483,
  "signal.sat_headway_s": 3.3837242,
  "signal.startup_lost_s": 1.1999817,
  "yield4.completed": 20,
  "yield4.minor_delay_mean_s": 34.762093,
  "yield4.minor_delay_p95_s": 61.083054
}