{
  "grid.delay_index": 2.6421506,
  "grid.stops_per_trip": 1.4850299,
  "perf.tick300_ms": 0.279119,
  "perf.validate500_ms": 61.5842,
  "signal.sat_headway_s": 2.5752554,
  "signal.startup_lost_s": 1.1833153,
  "yield4.completed": 20,
  "yield4.minor_delay_mean_s": 34.75959,
  "yield4.minor_delay_p95_s": 61.083054
}