{
  "diag.penetration_clamps": 0,
  "diag.signal.h1": 1.1833153,
  "diag.signal.h2": 2.7666245,
  "diag.signal.h3": 2.5166283,
  "diag.signal.h4": 2.4999619,
  "diag.signal.h5": 2.5166283,
  "grid.delay_index": 2.4365003,
  "grid.stops_per_trip": 1.298913,
  "perf.tick300_ms": 0.2833312,
  "perf.validate500_ms": 61.2064,
  "signal.sat_headway_s": 2.5752554,
  "signal.startup_lost_s": 1.1833153,
  "yield4.completed": 21,
  "yield4.minor_delay_mean_s": 33.249275,
  "yield4.minor_delay_p95_s": 57.714645
}