{
  "grid.delay_index": 2.787827,
  "grid.stops_per_trip": 1.5684931,
  "perf.tick300_ms": 0.2844675,
  "perf.validate500_ms": 61.4321,
  "signal.sat_headway_s": 3.5218353,
  "signal.startup_lost_s": 1.333313,
  "yield4.completed": 18,
  "yield4.minor_delay_mean_s": 36.27802,
  "yield4.minor_delay_p95_s": 61.365417
}