{
  "diag.penetration_clamps": 0,
  "diag.signal.h1": 1.1833153,
  "diag.signal.h2": 3.3666153,
  "diag.signal.h3": 3.3332825,
  "diag.signal.h4": 3.3999481,
  "diag.signal.h5": 21.899937,
  "grid.delay_index": 2.772016,
  "grid.stops_per_trip": 1.5576923,
  "perf.tick300_ms": 0.29193884,
  "perf.validate500_ms": 61.993,
  "signal.sat_headway_s": 3.3670557,
  "signal.startup_lost_s": 1.1833153,
  "yield4.completed": 20,
  "yield4.minor_delay_mean_s": 34.75959,
  "yield4.minor_delay_p95_s": 61.083054
}