{
  "diag.penetration_clamps": 0,
  "diag.signal.h1": 1.333313,
  "diag.signal.h2": 3.516613,
  "diag.signal.h3": 3.4666138,
  "diag.signal.h4": 3.5832787,
  "diag.signal.h5": 21.433311,
  "grid.delay_index": 2.73413,
  "grid.stops_per_trip": 1.3670886,
  "perf.tick300_ms": 0.29497284,
  "perf.validate500_ms": 60.3735,
  "signal.sat_headway_s": 3.5218353,
  "signal.startup_lost_s": 1.333313,
  "yield4.completed": 18,
  "yield4.minor_delay_mean_s": 36.316914,
  "yield4.minor_delay_p95_s": 61.398758
}