{
  "grid.delay_index": 2.73413,
  "grid.stops_per_trip": 1.3670886,
  "perf.tick300_ms": 0.28101218,
  "perf.validate500_ms": 60.5825,
  "signal.sat_headway_s": 3.5218353,
  "signal.startup_lost_s": 1.333313,
  "yield4.completed": 18,
  "yield4.minor_delay_mean_s": 36.316914,
  "yield4.minor_delay_p95_s": 61.398758
}